Distribución de Material Didáctico Adquirido de Cultura del Agua 2025 (Recurso Federal),,,,,,,,,,
,,,,,,,,,,
,,,,,,,,,,
ACCIÓN:,,"ProgramaE005 Capacitación Ambiental y Desarrollo 
Sustentable en relación a las acciones de Cultura del Agua
(Material Didáctico Adquirido de Cultura del Agua)",,,,,,,,
No.,DESCRIPCIÓN,CANTIDAD,MARCA,MODELO,NO. DE SERIE,COLOR,MATERIAL,BENEFICIARIO,No. de Inventario,Monto de Inversión
1,"SISTEMA DE PROYECCIÓN FULLDOME FISHEYE PLUS INCLUYE: PROYECTOR DE 6,000 LUMENES LASER FULL HD-BLU RAY MULTIMEDIA 4K-LENTE FISHEYE",1,"PROYECTOR: CHRISTIE
LENTE: COSMOTEC
BLURAY: SONY","PROYECTOR: DHD630-GS
LENTE: FISHEYE
BLURAY: N/A","PROYECTOR:
FWH1942002
LENTE: 243656
BLURAY: BON562","PROYECTOR: BLANCO
LENTE: NEGRO
BLURAY: N/A","PROYECTOR: PLASTICO
LENTE:
N/A
BLURAY: N/A",Comisión Estatal del Agua y Alcantarillado,364791," $157,528.00 "
2,"SISTEMA DE PROYECCIÓN FULLDOME FISHEYE PLUS INCLUYE: PROYECTOR DE 6,000 LUMENES LASER FULL HD-BLU RAY MULTIMEDIA 4K-LENTE FISHEYE",1,"PROYECTOR: CHRISTIE
LENTE: COSMOTEC
BLURAY: SONY","PROYECTOR: DHD630-GS
LENTE: FISHEYE
BLURAY: N/A","PROYECTOR:
FWH1812042
LENTE: 243657
BLURAY: BON684
USB: N/A","PROYECTOR: BLANCO
LENTE: NEGRO
BLURAY: N/A
USB: N/A","PROYECTOR: PLASTICO
LENTE:
N/A
BLURAY: N/A
USB: N/A",Comisión Estatal del Agua y Alcantarillado,364792," $157,528.00 "
3,"SISTEMA DE PROYECCIÓN FULLDOME FISHEYE PLUS INCLUYE: PROYECTOR DE 6,000 LUMENES LASER FULL HD-BLU RAY MULTIMEDIA 4K-LENTE FISHEYE",1,"PROYECTOR: CHRISTIE
LENTE: COSMOTEC
BLURAY: SONY","PROYECTOR: DHD630-GS
LENTE: FISHEYE
BLURAY: N/A","PROYECTOR:
SKU 670667
LENTE: 243658
BLURAY: BON613","PROYECTOR: BLANCO
LENTE: NEGRO
BLURAY: N/A","PROYECTOR: PLASTICO
LENTE:
N/A
BLURAY: N/A",Comisión Nacional del Agua,364793," $157,528.00 "
,,,,,,,,,,
No.,,CANTIDAD,MARCA,MODELO,NO. DE SERIE,COLOR,MATERIAL,BENEFICIARIO,No. de Inventario,
1,GAFAS DE REALIDAD VIRTUAL 3D PARA IPHONE SAMSUNG XIAOMI SMARTPHONES FOV 120 GRADOS VR STEREO BOX.,1,Sin Marca,Sin modelo,Sin número de serie,Negro,Plástico,"Presidencia Municipal de Acatlán, Hgo",GAFAS 3D-25-01," $1,506.84 "
2,GAFAS DE REALIDAD VIRTUAL 3D PARA IPHONE SAMSUNG XIAOMI SMARTPHONES FOV 120 GRADOS VR STEREO BOX.,1,Sin Marca,Sin modelo,Sin número de serie,Negro,Plástico,"Comisión de Agua, Alcantarillado y Saneamiento de Actopan, Hgo ",GAFAS 3D-25-02," $1,506.84 "
3,GAFAS DE REALIDAD VIRTUAL 3D PARA IPHONE SAMSUNG XIAOMI SMARTPHONES FOV 120 GRADOS VR STEREO BOX.,1,Sin Marca,Sin modelo,Sin número de serie,Negro,Plástico,"La Presidencia Municipal de Agua Blanca de Iturbide, Hgo",GAFAS 3D-25-03," $1,506.84 "
4,GAFAS DE REALIDAD VIRTUAL 3D PARA IPHONE SAMSUNG XIAOMI SMARTPHONES FOV 120 GRADOS VR STEREO BOX.,1,Sin Marca,Sin modelo,Sin número de serie,Negro,Plástico,"Comisión de Agua Potable, Alcantarillado y Saneamiento de Atitalaquia, Hgo",GAFAS 3D-25-04," $1,506.84 "
5,GAFAS DE REALIDAD VIRTUAL 3D PARA IPHONE SAMSUNG XIAOMI SMARTPHONES FOV 120 GRADOS VR STEREO BOX.,1,Sin Marca,Sin modelo,Sin número de serie,Negro,Plástico,Presidencia Municipal de Atlapexco,GAFAS 3D-25-05," $1,506.84 "
6,GAFAS DE REALIDAD VIRTUAL 3D PARA IPHONE SAMSUNG XIAOMI SMARTPHONES FOV 120 GRADOS VR STEREO BOX.,1,Sin Marca,Sin modelo,Sin número de serie,Negro,Plástico,Presidencia Municipal de Eloxochitlán,GAFAS 3D-25-06," $1,506.84 "
7,GAFAS DE REALIDAD VIRTUAL 3D PARA IPHONE SAMSUNG XIAOMI SMARTPHONES FOV 120 GRADOS VR STEREO BOX.,1,Sin Marca,Sin modelo,Sin número de serie,Negro,Plástico,Presidencia Municipal de Epazoyucan,GAFAS 3D-25-07," $1,506.84 "
8,GAFAS DE REALIDAD VIRTUAL 3D PARA IPHONE SAMSUNG XIAOMI SMARTPHONES FOV 120 GRADOS VR STEREO BOX.,1,Sin Marca,Sin modelo,Sin número de serie,Negro,Plástico,"Comisión de Agua del Municipio de Huasca, Hgo.",GAFAS 3D-25-08," $1,506.84 "
9,GAFAS DE REALIDAD VIRTUAL 3D PARA IPHONE SAMSUNG XIAOMI SMARTPHONES FOV 120 GRADOS VR STEREO BOX.,1,Sin Marca,Sin modelo,Sin número de serie,Negro,Plástico,Presidencia Municipal de Huazalingo,GAFAS 3D-25-09," $1,506.84 "
10,GAFAS DE REALIDAD VIRTUAL 3D PARA IPHONE SAMSUNG XIAOMI SMARTPHONES FOV 120 GRADOS VR STEREO BOX.,1,Sin Marca,Sin modelo,Sin número de serie,Negro,Plástico,Presidencia Municipal de Huehuetla,GAFAS 3D-25-10," $1,506.84 "
11,GAFAS DE REALIDAD VIRTUAL 3D PARA IPHONE SAMSUNG XIAOMI SMARTPHONES FOV 120 GRADOS VR STEREO BOX.,1,Sin Marca,Sin modelo,Sin número de serie,Negro,Plástico,"Comisión de Agua Potable, Alcantarillado y Saneamiento de Huejutla, Hgo.",GAFAS 3D-25-11," $1,506.84 "
12,GAFAS DE REALIDAD VIRTUAL 3D PARA IPHONE SAMSUNG XIAOMI SMARTPHONES FOV 120 GRADOS VR STEREO BOX.,1,Sin Marca,Sin modelo,Sin número de serie,Negro,Plástico,Huejutla de Reyes (Universidad Politécnica de Huejutla),GAFAS 3D-25-12," $1,506.84 "
13,GAFAS DE REALIDAD VIRTUAL 3D PARA IPHONE SAMSUNG XIAOMI SMARTPHONES FOV 120 GRADOS VR STEREO BOX.,1,Sin Marca,Sin modelo,Sin número de serie,Negro,Plástico,Presidencia Municipal de Juárez Hidalgo,GAFAS 3D-25-13," $1,506.84 "
14,GAFAS DE REALIDAD VIRTUAL 3D PARA IPHONE SAMSUNG XIAOMI SMARTPHONES FOV 120 GRADOS VR STEREO BOX.,1,Sin Marca,Sin modelo,Sin número de serie,Negro,Plástico,Presidencia Municipal de La Misión,GAFAS 3D-25-14," $1,506.84 "
15,GAFAS DE REALIDAD VIRTUAL 3D PARA IPHONE SAMSUNG XIAOMI SMARTPHONES FOV 120 GRADOS VR STEREO BOX.,1,Sin Marca,Sin modelo,Sin número de serie,Negro,Plástico,Presidencia Municipal de Lolotla,GAFAS 3D-25-15," $1,506.84 "
16,GAFAS DE REALIDAD VIRTUAL 3D PARA IPHONE SAMSUNG XIAOMI SMARTPHONES FOV 120 GRADOS VR STEREO BOX.,1,Sin Marca,Sin modelo,Sin número de serie,Negro,Plástico,Presidencia Municipal de Metepec,GAFAS 3D-25-16," $1,506.84 "
17,GAFAS DE REALIDAD VIRTUAL 3D PARA IPHONE SAMSUNG XIAOMI SMARTPHONES FOV 120 GRADOS VR STEREO BOX.,1,Sin Marca,Sin modelo,Sin número de serie,Negro,Plástico,Presidencia Municipal de Mineral del Monte,GAFAS 3D-25-17," $1,506.84 "
18,GAFAS DE REALIDAD VIRTUAL 3D PARA IPHONE SAMSUNG XIAOMI SMARTPHONES FOV 120 GRADOS VR STEREO BOX.,1,Sin Marca,Sin modelo,Sin número de serie,Negro,Plástico,"Comisión de Agua y Alcantarillado del Municipio de Mixquiahuala de Juárez, Hgo",GAFAS 3D-25-18," $1,506.84 "
19,GAFAS DE REALIDAD VIRTUAL 3D PARA IPHONE SAMSUNG XIAOMI SMARTPHONES FOV 120 GRADOS VR STEREO BOX.,1,Sin Marca,Sin modelo,Sin número de serie,Negro,Plástico,Presidencia Municipal de Molango de Escamilla,GAFAS 3D-25-19," $1,506.84 "
20,GAFAS DE REALIDAD VIRTUAL 3D PARA IPHONE SAMSUNG XIAOMI SMARTPHONES FOV 120 GRADOS VR STEREO BOX.,1,Sin Marca,Sin modelo,Sin número de serie,Negro,Plástico,Presidencia Municipal de Nicolás Flores,GAFAS 3D-25-20," $1,506.84 "
21,GAFAS DE REALIDAD VIRTUAL 3D PARA IPHONE SAMSUNG XIAOMI SMARTPHONES FOV 120 GRADOS VR STEREO BOX.,1,Sin Marca,Sin modelo,Sin número de serie,Negro,Plástico,Zempoala Acueducto del Padre Tembleque,GAFAS 3D-25-21," $1,506.84 "
22,GAFAS DE REALIDAD VIRTUAL 3D PARA IPHONE SAMSUNG XIAOMI SMARTPHONES FOV 120 GRADOS VR STEREO BOX.,1,Sin Marca,Sin modelo,Sin número de serie,Negro,Plástico,Presidencia Municipal de Pisaflores,GAFAS 3D-25-22," $1,506.84 "
23,GAFAS DE REALIDAD VIRTUAL 3D PARA IPHONE SAMSUNG XIAOMI SMARTPHONES FOV 120 GRADOS VR STEREO BOX.,1,Sin Marca,Sin modelo,Sin número de serie,Negro,Plástico,"Comisión de Agua y Alcantarillado del Municipio de Progreso de Obregón, Hgo.",GAFAS 3D-25-23," $1,506.84 "
24,GAFAS DE REALIDAD VIRTUAL 3D PARA IPHONE SAMSUNG XIAOMI SMARTPHONES FOV 120 GRADOS VR STEREO BOX.,1,Sin Marca,Sin modelo,Sin número de serie,Negro,Plástico,Presidencia Municipal deSan Bartolo Tutotepec,GAFAS 3D-25-24," $1,506.84 "
25,GAFAS DE REALIDAD VIRTUAL 3D PARA IPHONE SAMSUNG XIAOMI SMARTPHONES FOV 120 GRADOS VR STEREO BOX.,1,Sin Marca,Sin modelo,Sin número de serie,Negro,Plástico,Presidencia Municipal de San Felipe Orizatlán,GAFAS 3D-25-25," $1,506.84 "
26,GAFAS DE REALIDAD VIRTUAL 3D PARA IPHONE SAMSUNG XIAOMI SMARTPHONES FOV 120 GRADOS VR STEREO BOX.,1,Sin Marca,Sin modelo,Sin número de serie,Negro,Plástico,"Comisión de Agua Potable, Alcantarillado y Saneamiento de Santiago de Anaya, Hgo",GAFAS 3D-25-26," $1,506.84 "
27,GAFAS DE REALIDAD VIRTUAL 3D PARA IPHONE SAMSUNG XIAOMI SMARTPHONES FOV 120 GRADOS VR STEREO BOX.,1,Sin Marca,Sin modelo,Sin número de serie,Negro,Plástico,"Comisión de Agua, Alcantarillado y Saneamiento de Santiago Tulantepec de Lugo Guerrero, Hgo",GAFAS 3D-25-27," $1,506.84 "
28,GAFAS DE REALIDAD VIRTUAL 3D PARA IPHONE SAMSUNG XIAOMI SMARTPHONES FOV 120 GRADOS VR STEREO BOX.,1,Sin Marca,Sin modelo,Sin número de serie,Negro,Plástico,Presidencia Municipal de Singuilucan,GAFAS 3D-25-28," $1,506.84 "
29,GAFAS DE REALIDAD VIRTUAL 3D PARA IPHONE SAMSUNG XIAOMI SMARTPHONES FOV 120 GRADOS VR STEREO BOX.,1,Sin Marca,Sin modelo,Sin número de serie,Negro,Plástico,Presidencia Municipal de Tasquillo,GAFAS 3D-25-29," $1,506.84 "
30,GAFAS DE REALIDAD VIRTUAL 3D PARA IPHONE SAMSUNG XIAOMI SMARTPHONES FOV 120 GRADOS VR STEREO BOX.,1,Sin Marca,Sin modelo,Sin número de serie,Negro,Plástico,Presidencia Municipal de Tenango de Doria,GAFAS 3D-25-30," $1,506.84 "
31,GAFAS DE REALIDAD VIRTUAL 3D PARA IPHONE SAMSUNG XIAOMI SMARTPHONES FOV 120 GRADOS VR STEREO BOX.,1,Sin Marca,Sin modelo,Sin número de serie,Negro,Plástico,Presidencia Municipal de Tepeapulco,GAFAS 3D-25-31," $1,506.84 "
32,GAFAS DE REALIDAD VIRTUAL 3D PARA IPHONE SAMSUNG XIAOMI SMARTPHONES FOV 120 GRADOS VR STEREO BOX.,1,Sin Marca,Sin modelo,Sin número de serie,Negro,Plástico,"Comisión de Agua y Alcantarillado del Municipio de Tepeji del Río Ocampo, Hgo",GAFAS 3D-25-32," $1,506.84 "
33,GAFAS DE REALIDAD VIRTUAL 3D PARA IPHONE SAMSUNG XIAOMI SMARTPHONES FOV 120 GRADOS VR STEREO BOX.,1,Sin Marca,Sin modelo,Sin número de serie,Negro,Plástico,Presidencia Municipal de Tianguistengo,GAFAS 3D-25-33," $1,506.84 "
34,GAFAS DE REALIDAD VIRTUAL 3D PARA IPHONE SAMSUNG XIAOMI SMARTPHONES FOV 120 GRADOS VR STEREO BOX.,1,Sin Marca,Sin modelo,Sin número de serie,Negro,Plástico,"Comisión de Agua y Alcantarillado del Municipio de Tizayuca, Hgo",GAFAS 3D-25-34," $1,506.84 "
35,GAFAS DE REALIDAD VIRTUAL 3D PARA IPHONE SAMSUNG XIAOMI SMARTPHONES FOV 120 GRADOS VR STEREO BOX.,1,Sin Marca,Sin modelo,Sin número de serie,Negro,Plástico,Presidencia Municipal de Tlanalapa,GAFAS 3D-25-35," $1,506.84 "
36,GAFAS DE REALIDAD VIRTUAL 3D PARA IPHONE SAMSUNG XIAOMI SMARTPHONES FOV 120 GRADOS VR STEREO BOX.,1,Sin Marca,Sin modelo,Sin número de serie,Negro,Plástico,Presidencia Municipal de Tlanchinol,GAFAS 3D-25-36," $1,506.84 "
37,GAFAS DE REALIDAD VIRTUAL 3D PARA IPHONE SAMSUNG XIAOMI SMARTPHONES FOV 120 GRADOS VR STEREO BOX.,1,Sin Marca,Sin modelo,Sin número de serie,Negro,Plástico,Presidencia Municipal de Tolcayuca,GAFAS 3D-25-37," $1,506.84 "
38,GAFAS DE REALIDAD VIRTUAL 3D PARA IPHONE SAMSUNG XIAOMI SMARTPHONES FOV 120 GRADOS VR STEREO BOX.,1,Sin Marca,Sin modelo,Sin número de serie,Negro,Plástico,Presidencia Municipal de Tulancingo de Bravo,GAFAS 3D-25-38," $1,506.84 "
39,GAFAS DE REALIDAD VIRTUAL 3D PARA IPHONE SAMSUNG XIAOMI SMARTPHONES FOV 120 GRADOS VR STEREO BOX.,1,Sin Marca,Sin modelo,Sin número de serie,Negro,Plástico,Presidencia Municipal de Xochiatipan,GAFAS 3D-25-39," $1,506.84 "
40,GAFAS DE REALIDAD VIRTUAL 3D PARA IPHONE SAMSUNG XIAOMI SMARTPHONES FOV 120 GRADOS VR STEREO BOX.,1,Sin Marca,Sin modelo,Sin número de serie,Negro,Plástico,Presidencia Municipal de Yahualica,GAFAS 3D-25-40," $1,506.84 "
41,GAFAS DE REALIDAD VIRTUAL 3D PARA IPHONE SAMSUNG XIAOMI SMARTPHONES FOV 120 GRADOS VR STEREO BOX.,1,Sin Marca,Sin modelo,Sin número de serie,Negro,Plástico,Presidencia Municipal de Zapotlán de Juárez,GAFAS 3D-25-41," $1,506.84 "
42,GAFAS DE REALIDAD VIRTUAL 3D PARA IPHONE SAMSUNG XIAOMI SMARTPHONES FOV 120 GRADOS VR STEREO BOX.,1,Sin Marca,Sin modelo,Sin número de serie,Negro,Plástico,Presidencia Municipal de Zempoala,GAFAS 3D-25-42," $1,506.84 "
